Current Domain Age,Matching Domain Name,Length of Domain,Result
0,0,0,-1
0,0,0,-1
1,-1,1,-1
-1,-1,1,-1
0,0,0,-1
1,1,1,-1
-1,-1,1,-1
1,-1,1,-1
-1,-1,1,-1
1,-1,1,-1
1,1,1,-1
1,-1,1,-1
1,-1,1,-1
1,-1,1,-1
-1,-1,1,-1
-1,-1,1,-1
-1,-1,1,-1
0,0,0,-1
0,0,0,-1
1,-1,1,-1
1,-1,1,-1
0,0,0,-1
1,-1,1,-1
0,0,0,-1
1,1,1,-1
0,0,0,-1
0,0,0,-1
0,0,0,-1
0,0,0,-1
0,0,0,-1
0,0,0,-1
0,0,0,-1
0,0,0,-1
0,0,0,-1
0,0,0,-1
0,0,0,-1
0,0,0,-1
0,0,0,-1
1,-1,1,-1
0,0,0,-1
0,0,0,-1
0,0,0,-1
0,0,0,-1
0,0,0,-1
0,0,0,-1
0,0,0,-1
0,0,0,-1
0,0,0,-1
-1,-1,1,-1
1,-1,1,-1
1,-1,1,-1
1,-1,1,-1
1,-1,1,-1
1,-1,1,-1
1,-1,1,-1
1,-1,1,-1
1,-1,1,-1
0,0,0,-1
1,-1,1,-1
1,-1,1,-1
1,-1,1,-1
1,1,1,-1
1,-1,1,-1
1,-1,1,-1
1,-1,1,-1
0,0,0,-1
1,-1,1,-1
1,-1,1,-1
1,-1,1,-1
1,-1,1,-1
1,-1,1,-1
1,-1,1,-1
1,-1,1,-1
0,0,0,-1
1,-1,1,-1
1,-1,1,-1
1,-1,1,-1
1,-1,1,-1
1,-1,1,-1
0,0,0,-1
0,0,0,-1
1,-1,1,-1
1,-1,1,-1
1,-1,1,-1
1,-1,1,-1
1,-1,1,-1
1,-1,1,-1
1,-1,1,-1
1,-1,1,-1
1,-1,1,-1
1,-1,1,-1
1,-1,1,-1
1,-1,1,-1
1,-1,1,-1
1,-1,1,-1
1,-1,1,-1
1,-1,1,-1
1,-1,1,-1
1,-1,1,-1
1,-1,1,-1
1,-1,1,-1
1,-1,1,-1
1,-1,1,-1
1,-1,1,-1
1,-1,1,-1
1,-1,1,-1
0,0,0,-1
1,-1,1,-1
1,-1,1,-1
1,-1,1,-1
1,-1,1,-1
1,-1,1,-1
1,-1,1,-1
1,-1,1,-1
1,-1,1,-1
1,-1,1,-1
1,-1,1,-1
1,-1,1,-1
1,-1,1,-1
1,-1,1,-1
1,-1,1,-1
1,-1,1,-1
1,-1,1,-1
1,-1,1,-1
1,-1,1,-1
1,-1,1,-1
1,-1,1,-1
1,-1,1,-1
1,-1,1,-1
1,-1,1,-1
1,-1,1,-1
1,-1,1,-1
1,-1,1,-1
1,-1,1,-1
1,-1,1,-1
1,-1,1,-1
1,-1,1,-1
1,-1,1,-1
1,-1,1,-1
1,-1,1,-1
1,-1,1,-1
1,-1,1,-1
1,-1,1,-1
1,-1,1,-1
1,-1,1,-1
1,-1,1,-1
1,-1,1,-1
1,-1,1,-1
1,-1,1,-1
1,-1,1,-1
1,-1,1,-1
0,0,0,-1
1,-1,1,-1
1,-1,1,-1
1,-1,1,-1
1,-1,1,-1
1,-1,1,-1
1,-1,1,-1
1,-1,1,-1
1,-1,1,-1
1,-1,1,-1
1,-1,1,-1
1,-1,1,-1
0,0,0,-1
0,0,0,-1
0,0,0,-1
1,-1,1,-1
1,-1,1,-1
1,-1,1,-1
1,-1,1,-1
1,-1,1,-1
1,-1,1,-1
1,-1,1,-1
1,-1,1,-1
1,-1,1,-1
1,-1,1,-1
1,-1,1,-1
1,-1,1,-1
1,-1,1,-1
1,-1,1,-1
1,-1,1,-1
0,0,0,-1
0,0,0,-1
1,-1,1,-1
1,-1,1,-1
1,-1,1,-1
1,-1,1,-1
1,-1,1,-1
1,-1,1,-1
1,-1,1,-1
1,-1,1,-1
1,-1,1,-1
1,-1,1,-1
1,-1,1,-1
1,-1,1,-1
0,0,0,-1
1,-1,1,-1
1,-1,1,-1
1,-1,1,-1
1,-1,1,-1
1,-1,1,-1
1,-1,1,-1
1,-1,1,-1
1,-1,1,-1
1,-1,1,-1
1,-1,1,-1
1,-1,1,-1
1,-1,1,-1
1,-1,1,-1
1,-1,1,-1
-1,-1,1,-1
0,0,0,-1
1,-1,1,-1
1,-1,1,-1
-1,-1,1,-1
1,-1,1,-1
-1,-1,1,-1
-1,-1,1,-1
0,0,0,-1
0,0,0,-1
0,0,0,-1
1,-1,1,-1
0,-1,0,-1
1,1,1,-1
1,1,1,-1
1,-1,1,-1
-1,-1,1,-1
1,-1,1,-1
1,1,1,-1
1,-1,1,-1
-1,-1,-1,-1
-1,-1,1,-1
0,-1,0,-1
0,-1,0,-1
-1,-1,-1,-1
1,-1,1,-1
1,-1,1,-1
-1,1,1,-1
1,1,1,-1
-1,-1,1,-1
0,0,0,-1
-1,-1,1,-1
0,0,0,-1
0,0,0,-1
1,-1,1,-1
-1,-1,1,-1
-1,-1,1,-1
-1,-1,1,-1
1,1,1,-1
-1,-1,1,-1
-1,-1,1,-1
-1,-1,1,-1
-1,-1,1,-1
-1,-1,1,-1
-1,-1,1,-1
1,-1,1,-1
1,1,1,-1
1,1,1,-1
1,1,1,-1
1,1,1,-1
-1,-1,1,-1
-1,-1,-1,-1
1,-1,1,-1
0,0,0,-1
1,-1,1,-1
-1,-1,1,-1
1,-1,1,-1
1,-1,1,-1
1,1,1,-1
1,-1,1,-1
1,1,1,-1
1,1,1,-1
-1,-1,1,-1
1,-1,1,-1
-1,-1,-1,-1
1,-1,1,-1
1,-1,1,-1
0,0,0,-1
1,-1,1,-1
0,0,0,-1
0,0,0,-1
0,0,0,-1
0,0,0,-1
-1,1,1,-1
-1,-1,1,-1
1,-1,1,-1
0,0,0,-1
0,0,0,-1
0,0,0,-1
1,-1,1,-1
0,0,0,-1
1,-1,1,-1
1,-1,1,-1
1,-1,1,-1
0,0,0,-1
1,-1,1,-1
1,-1,1,-1
1,-1,1,-1
-1,1,-1,-1
1,-1,1,-1
1,-1,1,-1
1,-1,1,-1
1,-1,1,-1
-1,-1,1,-1
1,-1,1,-1
1,-1,1,-1
1,-1,1,-1
-1,1,-1,-1
-1,1,-1,-1
1,-1,1,-1
1,-1,1,-1
1,-1,1,-1
1,1,1,-1
1,-1,1,-1
1,-1,1,-1
1,-1,1,-1
1,-1,1,-1
1,-1,1,-1
0,0,0,-1
1,-1,1,-1
1,1,1,-1
1,-1,1,-1
1,-1,1,-1
1,-1,1,-1
-1,-1,1,-1
1,-1,1,-1
1,-1,1,-1
0,0,0,-1
1,-1,1,-1
-1,-1,1,-1
0,0,0,-1
1,-1,1,-1
1,-1,1,-1
1,-1,1,-1
-1,-1,1,-1
-1,-1,1,-1
-1,-1,1,-1
-1,-1,1,-1
-1,-1,1,-1
-1,-1,1,-1
1,-1,1,-1
-1,-1,1,-1
-1,-1,1,-1
1,-1,1,-1
-1,-1,1,-1
1,-1,1,-1
1,-1,1,-1
-1,-1,1,-1
1,-1,1,-1
1,-1,1,-1
1,-1,1,-1
1,-1,1,-1
0,0,0,-1
0,0,0,-1
0,0,0,-1
-1,-1,1,-1
1,-1,1,-1
1,-1,1,-1
1,-1,1,-1
1,-1,1,-1
0,0,0,-1
0,0,0,-1
-1,-1,1,-1
-1,1,-1,-1
-1,1,1,-1
1,-1,1,-1
1,-1,1,-1
-1,-1,1,-1
1,-1,1,-1
0,0,0,-1
-1,-1,1,-1
-1,1,1,-1
0,0,0,-1
1,-1,1,-1
1,-1,1,-1
1,-1,1,-1
-1,-1,1,-1
-1,-1,1,-1
-1,-1,1,-1
-1,-1,1,-1
1,-1,1,-1
1,-1,1,-1
1,-1,1,-1
1,1,1,-1
-1,-1,1,-1
1,-1,1,-1
-1,-1,1,-1
-1,-1,1,-1
-1,1,1,-1
-1,1,1,-1
1,-1,1,-1
1,-1,1,-1
1,-1,1,-1
1,-1,1,-1
-1,-1,1,-1
1,-1,1,-1
1,-1,1,-1
1,-1,1,-1
0,0,0,-1
0,0,0,-1
0,0,0,-1
0,0,0,-1
0,0,0,-1
0,0,0,-1
0,0,0,-1
0,0,0,-1
0,0,0,-1
0,0,0,-1
0,0,0,-1
1,-1,1,-1
-1,1,1,-1
-1,1,1,-1
1,-1,1,-1
0,0,0,-1
1,-1,1,-1
1,-1,1,-1
1,-1,1,-1
0,0,0,-1
1,-1,1,-1
1,-1,1,-1
1,-1,1,-1
1,-1,1,-1
1,-1,1,-1
1,-1,1,-1
1,-1,1,-1
1,-1,1,-1
1,-1,1,-1
1,-1,1,-1
1,-1,1,-1
1,-1,1,-1
1,-1,1,-1
1,-1,1,-1
0,0,0,-1
0,0,0,-1
1,-1,1,-1
1,-1,1,-1
1,-1,1,-1
1,-1,1,-1
1,-1,1,-1
1,-1,1,-1
1,-1,1,-1
1,-1,1,-1
1,-1,1,-1
0,0,0,-1
1,-1,1,-1
1,-1,1,-1
1,-1,1,-1
1,-1,1,-1
1,-1,1,-1
1,-1,1,-1
1,-1,1,-1
1,-1,1,-1
0,0,0,-1
0,0,0,-1
1,-1,1,-1
1,-1,1,-1
1,-1,1,-1
1,-1,1,-1
1,-1,1,-1
1,-1,1,-1
1,-1,1,-1
1,-1,1,-1
1,-1,1,-1
1,-1,1,-1
1,-1,1,-1
1,-1,1,-1
1,-1,1,-1
0,-1,0,-1
1,-1,1,-1
0,0,0,-1
0,0,0,-1
0,0,0,-1
0,0,0,-1
0,0,0,-1
0,0,0,-1
0,0,0,-1
0,0,0,-1
-1,-1,1,-1
0,0,0,-1
0,0,0,-1
1,-1,1,-1
0,-1,0,-1
0,-1,0,-1
1,-1,1,-1
1,-1,1,-1
0,0,0,-1
1,-1,1,-1
1,-1,1,-1
1,-1,1,-1
1,-1,1,-1
1,-1,1,-1
1,-1,1,-1
1,1,1,-1
1,-1,1,-1
1,-1,1,-1
-1,-1,1,-1
-1,-1,1,-1
0,0,0,-1
1,-1,1,-1
0,0,0,-1
0,0,0,-1
0,0,0,-1
1,1,1,-1
1,-1,1,-1
1,-1,1,-1
-1,-1,1,-1
0,0,0,-1
-1,-1,1,-1
1,-1,1,-1
-1,-1,1,-1
-1,-1,1,-1
0,0,0,-1
1,-1,1,-1
1,-1,1,-1
1,-1,1,-1
1,-1,1,-1
0,0,0,-1
-1,-1,1,-1
-1,-1,1,-1
1,-1,1,-1
1,-1,1,-1
-1,1,1,-1
-1,1,1,-1
1,-1,1,-1
1,-1,1,-1
-1,-1,1,-1
-1,-1,1,-1
-1,-1,1,-1
-1,-1,1,-1
-1,-1,-1,-1
1,-1,1,-1
-1,-1,-1,-1
-1,-1,1,-1
-1,-1,1,-1
-1,1,1,-1
0,0,0,-1
-1,-1,1,-1
1,-1,1,-1
-1,-1,1,-1
1,-1,1,-1
1,-1,1,-1
1,-1,1,-1
1,-1,1,-1
1,-1,1,-1
-1,1,1,-1
1,-1,1,-1
0,0,0,-1
1,-1,1,-1
-1,-1,1,-1
-1,-1,1,-1
0,-1,0,-1
-1,-1,1,-1
0,0,0,-1
1,-1,1,-1
0,0,0,-1
1,-1,1,-1
0,0,0,-1
0,0,0,-1
-1,-1,1,-1
1,-1,1,-1
1,1,1,-1
1,-1,1,-1
-1,-1,1,-1
1,1,1,-1
0,0,0,-1
1,1,1,-1
0,0,0,-1
-1,-1,1,-1
-1,-1,1,-1
-1,-1,1,-1
1,-1,1,-1
0,0,0,-1
-1,-1,-1,-1
-1,-1,-1,-1
0,0,0,-1
0,0,0,-1
0,0,0,-1
0,0,0,-1
0,0,0,-1
0,0,0,-1
0,0,0,-1
1,-1,1,-1
0,0,0,-1
1,-1,1,-1
1,-1,1,-1
0,0,0,-1
-1,-1,1,-1
-1,-1,1,-1
1,-1,1,-1
1,-1,1,-1
1,1,1,-1
1,-1,1,-1
-1,1,1,-1
1,1,1,-1
1,1,1,-1
1,-1,1,-1
1,-1,1,-1
1,-1,1,-1
0,0,0,-1
-1,-1,1,-1
1,-1,1,-1
1,-1,1,-1
1,-1,1,-1
1,-1,1,-1
1,-1,1,-1
0,0,0,-1
1,-1,1,-1
1,-1,1,-1
1,-1,1,-1
1,-1,1,-1
-1,-1,1,-1
1,-1,1,-1
1,-1,1,-1
1,-1,1,-1
0,0,0,-1
1,-1,1,-1
1,-1,1,-1
1,-1,1,-1
0,0,0,-1
1,-1,1,-1
1,-1,1,-1
0,-1,0,-1
1,-1,1,-1
1,-1,1,-1
1,-1,1,-1
0,-1,0,-1
0,-1,0,-1
0,-1,0,-1
1,-1,1,-1
1,-1,1,-1
1,-1,1,-1
0,0,0,-1
1,-1,1,-1
1,-1,1,-1
1,-1,1,-1
0,0,0,-1
1,-1,1,-1
1,-1,1,-1
1,-1,1,-1
1,-1,1,-1
1,-1,1,-1
0,0,0,-1
0,0,0,-1
1,-1,1,-1
1,-1,1,-1
1,-1,1,-1
1,-1,1,-1
1,-1,1,-1
-1,-1,1,-1
1,-1,1,-1
-1,-1,1,-1
-1,-1,1,-1
-1,-1,1,-1
0,0,0,-1
1,-1,1,-1
-1,-1,1,-1
-1,1,1,-1
-1,1,1,-1
1,-1,1,-1
1,-1,1,-1
1,-1,1,-1
1,-1,1,-1
0,0,0,-1
0,0,0,-1
0,0,0,-1
0,0,0,-1
0,0,0,-1
0,0,0,-1
1,-1,1,-1
1,-1,1,-1
1,-1,1,-1
1,-1,1,-1
1,-1,1,-1
1,-1,1,-1
1,-1,1,-1
0,0,0,-1
1,-1,1,-1
1,-1,1,-1
0,0,0,-1
1,-1,1,-1
1,-1,1,-1
1,-1,1,-1
1,-1,1,-1
0,0,0,-1
1,-1,1,-1
1,-1,1,-1
1,-1,1,-1
1,-1,1,-1
1,-1,1,-1
1,-1,1,-1
1,-1,1,-1
1,-1,1,-1
1,-1,1,-1
1,-1,1,-1
1,-1,1,-1
1,-1,1,-1
1,-1,1,-1
1,-1,1,-1
1,-1,1,-1
1,-1,1,-1
0,0,0,-1
-1,-1,1,-1
-1,-1,1,-1
-1,-1,1,-1
1,-1,1,-1
-1,-1,1,-1
1,-1,1,-1
1,-1,1,-1
0,0,0,-1
1,-1,1,-1
-1,1,1,-1
-1,-1,-1,-1
-1,-1,-1,-1
-1,-1,1,-1
1,-1,1,-1
1,-1,1,-1
1,-1,1,-1
1,-1,1,-1
1,-1,1,-1
1,-1,1,-1
1,-1,1,-1
1,1,1,-1
0,0,0,-1
1,-1,1,-1
1,-1,1,-1
1,1,1,-1
1,-1,1,-1
1,-1,1,-1
1,-1,1,-1
1,-1,1,-1
1,-1,1,-1
-1,-1,-1,-1
1,-1,1,-1
-1,-1,1,-1
1,-1,1,-1
0,0,0,-1
1,-1,1,-1
1,-1,1,-1
-1,1,-1,-1
-1,1,-1,-1
1,-1,1,-1
1,-1,1,-1
0,0,0,-1
-1,-1,1,-1
0,0,0,-1
-1,-1,1,-1
1,-1,1,-1
1,-1,1,-1
1,-1,1,-1
0,0,0,-1
-1,1,1,-1
-1,-1,1,-1
0,0,0,-1
0,0,0,-1
0,0,0,-1
1,-1,1,-1
-1,-1,-1,-1
-1,-1,-1,-1
0,0,0,-1
-1,-1,1,-1
-1,-1,1,-1
-1,-1,1,-1
0,0,0,-1
0,0,0,-1
0,0,0,-1
0,0,0,-1
1,-1,1,-1
0,0,0,-1
0,0,0,-1
1,-1,1,-1
1,-1,1,-1
1,-1,1,-1
1,-1,1,-1
1,-1,1,-1
1,-1,1,-1
1,-1,1,-1
1,-1,1,-1
0,0,0,-1
0,0,0,-1
1,-1,1,-1
1,-1,1,-1
1,-1,1,-1
1,-1,1,-1
1,-1,1,-1
1,-1,1,-1
1,-1,1,-1
1,-1,1,-1
1,-1,1,-1
1,-1,1,-1
1,-1,1,-1
1,-1,1,-1
1,-1,1,-1
0,0,0,-1
1,-1,1,-1
1,-1,1,-1
1,-1,1,-1
1,-1,1,-1
1,-1,1,-1
1,-1,1,-1
1,-1,1,-1
0,0,0,-1
1,-1,1,-1
1,-1,1,-1
1,-1,1,-1
1,-1,1,-1
1,-1,1,-1
1,-1,1,-1
1,-1,1,-1
0,0,0,-1
1,-1,1,-1
1,-1,1,-1
1,-1,1,-1
1,-1,1,-1
1,-1,1,-1
1,-1,1,-1
1,-1,1,-1
0,0,0,-1
1,-1,1,-1
1,-1,1,-1
1,-1,1,-1
1,-1,1,-1
1,-1,1,-1
1,-1,1,-1
1,-1,1,-1
0,0,0,-1
1,-1,1,-1
1,-1,1,-1
1,-1,1,-1
1,-1,1,-1
1,-1,1,-1
1,-1,1,-1
0,0,0,-1
1,-1,1,-1
1,-1,1,-1
1,-1,1,-1
1,-1,1,-1
1,-1,1,-1
1,-1,1,-1
0,0,0,-1
1,-1,1,-1
0,0,0,-1
0,0,0,-1
0,0,0,-1
1,-1,1,-1
1,-1,1,-1
1,-1,1,-1
1,-1,1,-1
1,-1,1,-1
1,-1,1,-1
1,-1,1,-1
1,-1,1,-1
1,-1,1,-1
1,-1,1,-1
1,-1,1,-1
1,-1,1,-1
1,-1,1,-1
1,-1,1,-1
1,-1,1,-1
1,-1,1,-1
0,0,0,-1
1,-1,1,-1
1,-1,1,-1
1,-1,1,-1
1,-1,1,-1
1,-1,1,-1
1,-1,1,-1
1,-1,1,-1
0,0,0,-1
1,-1,1,-1
1,-1,1,-1
1,-1,1,-1
1,-1,1,-1
0,0,0,-1
1,-1,1,-1
1,-1,1,-1
1,-1,1,-1
1,-1,1,-1
1,-1,1,-1
1,-1,1,-1
1,-1,1,-1
1,-1,1,-1
1,-1,1,-1
0,0,0,-1
1,-1,1,-1
1,-1,1,-1
1,-1,1,-1
1,-1,1,-1
1,-1,1,-1
1,-1,1,-1
1,-1,1,-1
1,-1,1,-1
1,-1,1,-1
0,0,0,-1
1,-1,1,-1
0,0,0,-1
0,0,0,-1
1,-1,1,-1
1,-1,1,-1
1,-1,1,-1
1,-1,1,-1
1,-1,1,-1
1,-1,1,-1
1,-1,1,-1
1,-1,0,-1
1,-1,0,-1
0,-1,0,-1
0,-1,0,-1
-1,-1,1,-1
-1,-1,1,-1
-1,-1,1,-1
-1,-1,1,-1
-1,-1,1,-1
1,1,1,-1
1,1,1,-1
1,1,1,-1
1,-1,1,-1
1,-1,1,-1
-1,-1,1,-1
1,1,1,-1
1,-1,1,-1
-1,-1,-1,-1
-1,-1,-1,-1
1,-1,1,-1
1,1,1,-1
1,-1,1,-1
1,-1,1,-1
-1,-1,1,-1
-1,-1,1,-1
1,-1,1,-1
1,-1,1,-1
0,0,0,-1
0,0,0,-1
1,-1,1,-1
0,0,0,-1
1,-1,1,-1
1,-1,1,-1
1,-1,1,-1
1,-1,1,-1
1,-1,1,-1
1,-1,1,-1
0,0,0,-1
-1,1,-1,-1
-1,1,-1,-1
1,-1,1,-1
1,1,1,-1
-1,1,1,-1
1,-1,1,-1
1,-1,1,-1
1,-1,1,-1
1,-1,1,-1
-1,1,1,-1
0,0,0,-1
1,1,1,-1
-1,-1,1,-1
-1,-1,1,-1
1,-1,1,-1
1,-1,1,-1
1,-1,1,-1
1,-1,1,-1
1,-1,1,-1
1,-1,1,-1
1,-1,1,-1
0,0,0,-1
0,-1,0,-1
1,-1,1,-1
1,-1,1,-1
1,-1,1,-1
1,-1,1,-1
1,-1,1,-1
1,-1,1,-1
1,-1,1,-1
-1,1,1,-1
-1,-1,1,-1
1,-1,1,-1
1,-1,1,-1
1,-1,1,-1
1,-1,1,-1
1,-1,1,-1
1,-1,1,-1
-1,1,1,-1
1,-1,1,-1
-1,-1,1,-1
-1,-1,1,-1
-1,1,1,-1
0,0,0,-1
0,0,0,-1
1,-1,1,-1
-1,-1,1,-1
-1,-1,1,-1
-1,-1,-1,-1
-1,-1,-1,-1
-1,-1,-1,-1
-1,-1,-1,-1
-1,-1,-1,-1
1,-1,1,-1
-1,-1,-1,-1
1,-1,1,-1
0,0,0,-1
-1,-1,1,-1
0,0,0,-1
0,0,0,-1
0,0,0,-1
0,0,0,-1
0,0,0,-1
0,0,0,-1
0,0,0,-1
0,0,0,-1
0,0,0,-1
0,0,0,-1
1,-1,1,-1
1,-1,1,-1
1,-1,1,-1
1,-1,1,-1
0,0,0,-1
1,-1,1,-1
1,-1,1,-1
0,0,0,-1
0,0,0,-1
1,-1,1,-1
1,-1,1,-1
1,-1,1,-1
1,-1,1,-1
0,0,0,-1
1,-1,1,-1
0,0,0,-1
0,0,0,-1
1,-1,1,-1
1,-1,1,-1
1,-1,1,-1
0,0,0,-1
1,-1,1,-1
0,0,0,-1
1,-1,1,-1
0,0,0,-1
0,0,0,-1
1,-1,1,-1
1,-1,1,-1
-1,-1,1,-1
0,0,0,-1
-1,-1,1,-1
-1,1,1,-1
1,-1,1,-1
1,-1,1,-1
1,-1,1,-1
0,0,0,-1
1,1,1,-1
-1,-1,1,-1
1,1,1,-1
1,-1,1,-1
1,-1,1,-1
1,-1,1,-1
1,-1,1,-1
1,-1,1,-1
-1,-1,1,-1
1,1,1,-1
1,-1,1,-1
-1,-1,1,-1
1,-1,1,-1
0,0,0,-1
1,-1,1,-1
-1,-1,1,-1
1,-1,1,-1
1,-1,1,-1
-1,-1,-1,-1
1,-1,1,-1
1,-1,1,-1
0,-1,0,-1
1,-1,1,-1
1,-1,1,-1
1,-1,1,-1
1,-1,1,-1
1,-1,1,-1
1,-1,1,-1
1,-1,1,-1
-1,-1,1,-1
-1,-1,1,-1
-1,-1,1,-1
0,0,0,-1
0,0,0,-1
1,-1,1,-1
1,-1,1,-1
1,-1,1,-1
-1,-1,1,-1
1,1,1,-1
1,-1,1,-1
1,-1,1,-1
0,0,0,-1
0,-1,0,-1
1,-1,1,-1
1,-1,1,-1
0,0,0,-1
-1,-1,1,-1
1,-1,1,-1
-1,-1,1,-1
-1,-1,1,-1
1,-1,1,-1
1,1,1,-1
1,-1,1,-1
1,-1,1,-1
1,-1,1,-1
1,-1,1,-1
1,-1,1,-1
1,-1,1,-1
0,0,0,-1
1,-1,1,-1
1,-1,1,-1
1,-1,1,-1
1,-1,1,-1
1,-1,1,-1
1,-1,1,-1
0,0,0,-1
1,-1,1,-1
1,-1,1,-1
1,-1,1,-1
1,-1,1,-1
1,-1,1,-1
1,-1,1,-1
1,-1,1,-1
1,-1,1,-1
1,-1,1,-1
1,-1,1,-1
1,-1,1,-1
1,-1,1,-1
1,-1,1,-1
1,-1,1,-1
1,-1,1,-1
1,-1,1,-1
1,-1,1,-1
1,-1,1,-1
1,-1,1,-1
-1,1,1,-1
-1,1,1,-1
1,-1,1,-1
0,0,0,-1
-1,-1,1,-1
0,0,0,-1
0,0,0,-1
1,-1,1,-1
1,-1,1,-1
1,-1,1,-1
0,0,0,-1
0,0,0,-1
0,0,0,-1
1,-1,1,-1
-1,-1,1,-1
-1,-1,1,-1
-1,-1,1,-1
-1,-1,1,-1
-1,-1,1,-1
1,-1,1,-1
1,-1,1,-1
1,-1,1,-1
1,-1,1,-1
1,-1,1,-1
1,-1,1,-1
1,-1,1,-1
1,-1,1,-1
1,-1,1,-1
1,-1,1,-1
0,0,0,-1
1,-1,1,-1
0,0,0,-1
0,0,0,-1
1,-1,1,-1
1,-1,1,-1
1,-1,1,-1
1,-1,1,-1
1,-1,1,-1
0,0,0,-1
1,-1,1,-1
1,-1,1,-1
1,-1,1,-1
1,-1,1,-1
0,0,0,-1
1,-1,1,-1
1,-1,1,-1
1,-1,1,-1
0,0,0,-1
0,0,0,-1
-1,-1,1,-1
1,-1,1,-1
1,-1,1,-1
-1,-1,1,-1
1,-1,1,-1
-1,-1,1,-1
0,0,0,-1
1,-1,1,-1
1,-1,1,-1
-1,-1,1,-1
1,-1,1,-1
-1,-1,1,-1
1,-1,1,-1
1,-1,1,-1
1,-1,1,-1
1,-1,1,-1
1,-1,1,-1
1,-1,1,-1
1,-1,1,-1
0,0,0,-1
1,-1,1,-1
1,-1,1,-1
0,0,0,-1
1,-1,1,-1
1,-1,1,-1
1,-1,1,-1
1,-1,1,-1
0,0,0,-1
1,-1,1,-1
1,-1,1,-1
1,-1,1,-1
1,-1,1,-1
1,-1,1,-1
1,-1,1,-1
1,-1,1,-1
0,0,0,-1
1,-1,1,-1
1,-1,1,-1
-1,-1,1,-1
-1,-1,1,-1
-1,-1,1,-1
1,-1,1,-1
0,0,0,-1
0,0,0,-1
0,-1,0,-1
1,-1,1,-1
1,-1,1,-1
0,0,0,-1
1,-1,1,-1
0,0,0,-1
1,-1,1,-1
1,-1,1,-1
1,-1,1,-1
-1,-1,-1,-1
-1,-1,-1,-1
1,1,1,-1
1,-1,1,-1
1,-1,1,-1
1,-1,1,-1
1,-1,1,-1
0,0,0,-1
1,-1,1,-1
-1,-1,1,-1
1,1,1,-1
1,-1,1,-1
1,-1,1,-1
1,-1,1,-1
1,-1,1,-1
1,-1,1,-1
1,-1,1,-1
-1,-1,1,-1
-1,-1,1,-1
-1,-1,1,-1
-1,-1,1,-1
-1,-1,1,-1
-1,-1,1,-1
1,-1,1,-1
0,0,0,-1
-1,-1,1,-1
-1,-1,1,-1
1,-1,1,-1
1,-1,1,-1
1,-1,1,-1
1,-1,1,-1
1,-1,1,-1
-1,-1,1,-1
0,0,0,-1
1,-1,1,-1
0,0,0,-1
-1,-1,1,-1
1,-1,1,-1
-1,-1,1,-1
1,1,1,-1
-1,-1,1,-1
-1,-1,1,-1
0,0,0,-1
1,-1,1,-1
-1,-1,1,-1
0,0,0,-1
0,0,0,-1
0,-1,0,-1
1,-1,1,-1
-1,-1,1,-1
-1,-1,1,-1
1,-1,1,-1
-1,-1,1,-1
-1,1,1,-1
-1,-1,1,-1
-1,-1,1,-1
-1,-1,-1,-1
1,-1,1,-1
1,-1,1,-1
0,0,0,-1
0,0,0,-1
0,0,0,-1
0,0,0,-1
1,-1,1,-1
1,-1,1,-1
1,-1,1,-1
0,0,0,-1
1,-1,1,-1
1,-1,1,-1
1,-1,1,-1
1,-1,1,-1
1,-1,1,-1
-1,1,1,-1
1,-1,1,-1
1,-1,1,-1
1,-1,1,-1
1,-1,1,-1
0,0,0,-1
0,0,0,-1
1,-1,1,-1
1,-1,1,-1
1,-1,1,-1
1,-1,1,-1
1,-1,1,-1
1,-1,1,-1
1,-1,1,-1
1,-1,1,-1
1,-1,1,-1
1,-1,1,-1
1,-1,1,-1
1,-1,1,-1
1,-1,1,-1
1,-1,1,-1
1,-1,1,-1
1,-1,1,-1
1,-1,1,-1
0,0,0,-1
1,-1,1,-1
1,-1,1,-1
1,-1,1,-1
1,-1,1,-1
1,-1,1,-1
1,-1,1,-1
1,-1,1,-1
1,-1,1,-1
1,-1,1,-1
1,-1,1,-1
1,-1,1,-1
1,-1,1,-1
0,0,0,-1
1,-1,1,-1
1,-1,1,-1
1,-1,1,-1
1,-1,1,-1
1,-1,1,-1
1,-1,1,-1
1,-1,1,-1
0,0,0,-1
1,-1,1,-1
1,-1,1,-1
1,-1,1,-1
1,-1,1,-1
1,-1,1,-1
1,-1,1,-1
1,-1,1,-1
1,-1,1,-1
1,-1,1,-1
1,-1,1,-1
1,-1,1,-1
1,-1,1,-1
1,-1,1,-1
1,-1,1,-1
1,-1,1,-1
1,-1,1,-1
0,0,0,-1
1,-1,1,-1
-1,1,1,-1
0,0,0,-1
0,0,0,-1
0,0,0,-1
0,0,0,-1
0,0,0,-1
0,0,0,-1
0,0,0,-1
1,1,1,-1
1,-1,1,-1
1,-1,1,-1
1,-1,1,-1
1,-1,1,-1
-1,-1,-1,-1
1,-1,1,-1
1,1,1,-1
1,-1,1,-1
0,0,0,-1
1,-1,1,-1
1,-1,1,-1
1,-1,1,-1
1,-1,1,-1
1,-1,1,-1
1,-1,1,-1
1,-1,1,-1
1,-1,1,-1
1,-1,1,-1
1,-1,1,-1
1,-1,1,-1
1,-1,1,-1
0,0,0,-1
1,-1,1,-1
1,-1,1,-1
1,-1,1,-1
-1,-1,1,-1
1,-1,1,-1
1,-1,1,-1
1,-1,1,-1
1,-1,1,-1
1,-1,1,-1
1,-1,1,-1
1,-1,1,-1
1,-1,1,-1
-1,-1,1,-1
1,-1,1,-1
0,0,0,-1
1,-1,1,-1
1,-1,1,-1
1,-1,1,-1
-1,-1,-1,-1
1,-1,1,-1
-1,1,1,-1
-1,-1,1,-1
1,-1,1,-1
-1,-1,-1,-1
-1,-1,-1,-1
-1,-1,1,-1
-1,-1,1,-1
-1,-1,1,-1
-1,-1,1,-1
-1,-1,1,-1
-1,-1,1,-1
-1,-1,1,-1
-1,1,1,-1
-1,-1,-1,-1
-1,-1,-1,-1
-1,-1,1,-1
-1,-1,1,-1
-1,-1,1,-1
-1,-1,1,-1
-1,-1,1,-1
1,-1,1,-1
1,-1,1,-1
1,-1,1,-1
1,-1,1,-1
1,-1,1,-1
1,-1,1,-1
1,-1,1,-1
1,-1,1,-1
1,-1,1,-1
1,-1,1,-1
1,-1,1,-1
0,0,0,-1
1,-1,1,-1
0,0,0,-1
1,-1,1,-1
1,-1,1,-1
1,-1,1,-1
1,-1,1,-1
1,-1,1,-1
1,-1,1,-1
1,-1,1,-1
1,-1,1,-1
1,-1,1,-1
1,-1,1,-1
1,-1,1,-1
1,-1,1,-1
1,-1,1,-1
1,-1,1,-1
0,0,0,-1
0,0,0,-1
0,0,0,-1
0,0,0,-1
0,0,0,-1
1,-1,1,-1
-1,1,1,-1
1,-1,1,-1
1,-1,1,-1
1,-1,1,-1
1,-1,1,-1
1,-1,1,-1
1,-1,1,-1
1,-1,1,-1
1,-1,1,-1
0,0,0,-1
0,0,0,-1
1,-1,1,-1
1,-1,1,-1
1,-1,1,-1
1,-1,1,-1
1,-1,1,-1
1,-1,1,-1
1,-1,1,-1
1,-1,1,-1
1,-1,1,-1
1,-1,1,-1
-1,-1,1,-1
1,-1,1,-1
-1,-1,1,-1
-1,-1,1,-1
-1,-1,1,-1
0,0,0,-1
1,-1,1,-1
1,-1,1,-1
1,1,1,-1
1,-1,1,-1
1,-1,1,-1
0,0,0,-1
1,-1,1,-1
1,-1,1,-1
0,0,0,-1
1,-1,1,-1
1,-1,1,-1
1,-1,1,-1
0,0,0,-1
1,-1,1,-1
1,-1,1,-1
1,-1,1,-1
1,-1,1,-1
1,-1,1,-1
1,-1,1,-1
1,-1,1,-1
1,-1,1,-1
1,-1,1,-1
1,-1,1,-1
1,-1,1,-1
1,-1,1,-1
1,-1,1,-1
1,-1,1,-1
1,-1,1,-1
1,-1,1,-1
1,-1,1,-1
1,-1,1,-1
-1,-1,1,-1
-1,-1,1,-1
1,-1,1,-1
1,-1,1,-1
-1,-1,1,-1
-1,-1,1,-1
-1,1,1,-1
-1,-1,1,-1
1,-1,1,-1
1,-1,1,-1
-1,-1,1,-1
1,-1,1,-1
-1,1,1,-1
-1,-1,1,-1
-1,-1,1,-1
0,0,0,-1
1,-1,1,-1
1,-1,1,-1
1,-1,1,-1
1,-1,1,-1
1,-1,1,-1
1,-1,1,-1
1,-1,1,-1
1,-1,1,-1
-1,-1,1,-1
1,-1,1,-1
1,-1,1,-1
1,-1,1,-1
1,-1,1,-1
1,-1,1,-1
1,-1,1,-1
1,-1,1,-1
-1,1,1,-1
1,-1,1,-1
1,-1,1,-1
1,-1,1,-1
1,-1,1,-1
-1,-1,1,-1
-1,-1,1,-1
1,1,1,-1
1,1,1,-1
1,1,1,-1
1,1,1,-1
1,-1,1,-1
1,-1,1,-1
1,1,1,-1
-1,1,-1,-1
0,0,0,-1
-1,1,-1,-1
1,-1,1,-1
1,-1,1,-1
1,-1,1,-1
1,-1,1,-1
1,-1,1,-1
1,-1,1,-1
0,-1,0,-1
1,-1,1,-1
0,-1,0,-1
0,-1,0,-1
0,-1,0,-1
0,0,0,-1
0,-1,0,-1
1,-1,1,-1
0,0,0,-1
1,-1,1,-1
0,0,0,-1
0,0,0,-1
0,0,0,-1
1,-1,1,-1
0,0,0,-1
1,-1,1,-1
1,-1,1,-1
1,-1,1,-1
0,0,0,-1
0,0,0,-1
1,-1,1,-1
1,-1,1,-1
1,-1,1,-1
0,0,0,-1
1,-1,1,-1
0,0,0,-1
0,0,0,-1
1,-1,1,-1
1,-1,1,-1
0,0,0,-1
1,-1,1,-1
0,0,0,-1
1,-1,1,-1
0,0,0,-1
-1,-1,1,-1
1,-1,1,-1
1,-1,1,-1
1,-1,1,-1
1,-1,1,-1
1,-1,1,-1
1,-1,1,-1
1,1,1,-1
1,-1,1,-1
0,0,0,-1
1,-1,1,-1
0,0,0,-1
1,-1,1,-1
-1,-1,1,-1
-1,-1,1,-1
-1,-1,1,-1
-1,-1,1,-1
1,-1,1,-1
1,-1,1,-1
1,-1,1,-1
0,0,0,-1
1,-1,1,-1
1,-1,1,-1
1,-1,1,-1
1,-1,1,-1
1,-1,1,-1
1,-1,1,-1
1,-1,1,-1
-1,-1,1,-1
-1,-1,1,-1
-1,-1,1,-1
-1,-1,1,-1
-1,-1,1,-1
1,-1,1,-1
-1,-1,-1,-1
0,0,0,-1
0,0,0,-1
1,-1,1,-1
-1,-1,1,-1
0,0,0,-1
1,-1,1,-1
-1,1,1,-1
1,-1,1,-1
-1,1,1,-1
1,-1,1,-1
-1,1,-1,-1
0,0,0,-1
1,-1,1,-1
1,-1,1,-1
1,-1,1,-1
0,0,0,-1
0,0,0,-1
1,-1,1,-1
1,-1,1,-1
0,0,0,-1
1,-1,1,-1
1,-1,1,-1
1,-1,1,-1
1,-1,1,-1
1,-1,1,-1
1,-1,1,-1
1,-1,1,-1
1,-1,1,-1
1,-1,1,-1
1,-1,1,-1
1,-1,1,-1
0,0,0,-1
1,-1,1,-1
1,-1,1,-1
1,-1,1,-1
1,-1,1,-1
1,-1,1,-1
1,-1,1,-1
0,0,0,-1
0,0,0,-1
0,0,0,-1
0,0,0,-1
0,0,0,-1
1,1,1,-1
0,-1,0,-1
-1,-1,1,-1
-1,-1,1,-1
0,0,0,-1
1,-1,1,-1
1,-1,1,-1
1,-1,1,-1
0,0,0,-1
-1,-1,1,-1
1,-1,1,-1
0,-1,0,-1
1,-1,1,-1
0,-1,0,-1
1,-1,1,-1
-1,-1,1,-1
1,-1,1,-1
0,0,0,-1
-1,-1,1,-1
1,-1,1,-1
0,0,0,-1
-1,-1,1,-1
1,-1,1,-1
-1,1,1,-1
1,-1,1,-1
0,0,0,-1
0,0,0,-1
-1,1,1,-1
1,1,1,-1
1,-1,1,-1
-1,1,1,-1
1,-1,1,-1
-1,-1,1,-1
1,1,1,-1
1,1,1,-1
-1,-1,-1,-1
-1,-1,-1,-1
-1,-1,-1,-1
-1,-1,-1,-1
0,0,0,-1
0,0,0,-1
0,0,0,-1
0,0,0,-1
0,0,0,-1
0,0,0,-1
0,0,0,-1
0,0,0,-1
1,-1,1,-1
0,0,0,-1
1,-1,1,-1
1,-1,1,-1
1,-1,1,-1
1,-1,1,-1
1,-1,1,-1
1,-1,1,-1
1,-1,1,-1
1,-1,1,-1
1,-1,1,-1
1,-1,1,-1
1,1,1,-1
1,-1,1,-1
-1,-1,1,-1
-1,-1,1,-1
-1,-1,-1,-1
1,-1,1,-1
-1,-1,1,-1
1,-1,1,-1
1,-1,1,-1
1,-1,1,-1
1,-1,1,-1
1,-1,1,-1
1,-1,1,-1
1,-1,1,-1
1,-1,1,-1
1,-1,1,-1
1,-1,1,-1
0,0,0,-1
1,1,1,-1
1,-1,1,-1
1,-1,1,-1
-1,-1,1,-1
1,-1,1,-1
-1,-1,1,-1
1,-1,1,-1
1,-1,1,-1
0,-1,0,-1
-1,1,1,-1
1,-1,1,-1
1,-1,1,-1
1,-1,1,-1
1,-1,1,-1
1,-1,1,-1
1,-1,1,-1
-1,-1,1,-1
1,-1,1,-1
1,-1,1,-1
1,-1,1,-1
1,-1,1,-1
1,1,1,-1
1,-1,1,-1
-1,-1,1,-1
1,-1,1,-1
1,1,1,-1
1,-1,1,-1
0,0,0,-1
1,-1,1,-1
1,-1,1,-1
1,-1,1,-1
0,0,0,-1
1,-1,1,-1
1,-1,1,-1
1,-1,1,-1
1,-1,1,-1
0,0,0,-1
1,-1,1,-1
1,-1,1,-1
1,-1,1,-1
1,-1,1,-1
0,0,0,-1
1,-1,1,-1
1,-1,1,-1
0,0,0,-1
1,-1,1,-1
1,-1,1,-1
1,-1,1,-1
1,-1,1,-1
1,-1,1,-1
1,-1,1,-1
1,-1,1,-1
1,-1,1,-1
1,-1,1,-1
1,-1,1,-1
1,-1,1,-1
1,-1,1,-1
1,-1,1,-1
1,-1,1,-1
1,-1,1,-1
1,-1,1,-1
1,-1,1,-1
1,-1,1,-1
0,0,0,-1
1,-1,1,-1
1,-1,1,-1
1,-1,1,-1
1,-1,1,-1
1,-1,1,-1
1,-1,1,-1
0,0,0,-1
1,-1,1,-1
1,-1,1,-1
1,-1,1,-1
1,-1,1,-1
1,-1,1,-1
0,0,0,-1
0,0,0,-1
1,-1,1,-1
1,-1,1,-1
1,-1,1,-1
1,-1,1,-1
1,-1,1,-1
1,-1,1,-1
1,-1,1,-1
1,-1,1,-1
1,-1,1,-1
1,-1,1,-1
1,-1,1,-1
1,-1,1,-1
1,-1,1,-1
1,-1,1,-1
1,-1,1,-1
1,-1,1,-1
0,0,0,-1
0,0,0,-1
0,0,0,-1
0,0,0,-1
0,0,0,-1
0,0,0,-1
0,0,0,-1
0,0,0,-1
0,0,0,-1
0,0,0,-1
0,0,0,-1
0,0,0,-1
0,0,0,-1
0,0,0,-1
0,0,0,-1
0,0,0,-1
0,0,0,-1
1,-1,1,-1
-1,-1,1,-1
1,-1,1,-1
-1,-1,1,-1
-1,1,1,-1
1,-1,1,-1
1,-1,1,-1
0,0,0,-1
1,-1,1,-1
-1,-1,1,-1
-1,-1,1,-1
-1,-1,1,-1
1,-1,1,-1
1,-1,1,-1
-1,-1,-1,-1
0,0,0,-1
1,-1,1,-1
1,-1,1,-1
1,-1,1,-1
1,-1,1,-1
1,-1,1,-1
1,-1,1,-1
1,-1,1,-1
1,-1,1,-1
1,-1,1,-1
1,-1,1,-1
1,-1,1,-1
1,-1,1,-1
0,0,0,-1
0,0,0,-1
1,-1,1,-1
1,-1,1,-1
-1,-1,1,-1
0,0,0,-1
-1,-1,1,-1
-1,-1,1,-1
-1,-1,1,-1
-1,-1,1,-1
1,-1,1,-1
1,-1,1,-1
1,-1,1,-1
-1,1,1,-1
0,0,0,-1
1,-1,1,-1
1,-1,1,-1
-1,-1,1,-1
-1,1,1,-1
1,-1,1,-1
1,-1,1,-1
1,-1,1,-1
1,-1,1,-1
1,-1,1,-1
1,-1,1,-1
-1,1,1,-1
0,0,0,-1
-1,1,1,-1
-1,-1,1,-1
1,-1,1,-1
-1,-1,1,-1
-1,1,1,-1
1,-1,1,-1
-1,1,1,-1
1,-1,1,-1
1,-1,1,-1
0,0,0,-1
-1,-1,1,-1
1,-1,1,-1
1,-1,1,-1
0,-1,0,-1
1,-1,1,-1
0,-1,0,-1
1,-1,1,-1
1,-1,1,-1
1,-1,1,-1
1,-1,1,-1
1,-1,1,-1
1,-1,1,-1
1,-1,1,-1
1,-1,1,-1
1,-1,1,-1
0,0,0,-1
1,-1,1,-1
1,-1,1,-1
1,-1,1,-1
1,-1,1,-1
1,-1,1,-1
1,-1,1,-1
1,-1,1,-1
1,-1,1,-1
1,-1,1,-1
1,-1,1,-1
0,0,0,-1
1,-1,1,-1
1,-1,1,-1
1,-1,1,-1
1,-1,1,-1
1,-1,1,-1
1,-1,1,-1
1,-1,1,-1
0,0,0,-1
1,-1,1,-1
1,-1,1,-1
1,-1,1,-1
1,-1,1,-1
1,-1,1,-1
1,-1,1,-1
1,-1,1,-1
1,-1,1,-1
1,-1,1,-1
1,-1,1,-1
1,-1,1,-1
1,-1,1,-1
1,-1,1,-1
0,0,0,-1
0,0,0,-1
1,-1,1,-1
1,-1,1,-1
1,-1,1,-1
1,-1,1,-1
1,-1,1,-1
1,-1,1,-1
1,-1,1,-1
1,-1,1,-1
1,-1,1,-1
1,-1,1,-1
0,0,0,-1
1,-1,1,-1
1,-1,1,-1
1,-1,1,-1
1,-1,1,-1
1,-1,1,-1
1,-1,1,-1
1,-1,1,-1
1,-1,1,-1
1,-1,1,-1
1,-1,1,-1
-1,-1,1,-1
-1,-1,1,-1
-1,-1,1,-1
-1,-1,1,-1
-1,-1,1,-1
-1,-1,1,-1
-1,-1,1,-1
-1,-1,1,-1
-1,-1,1,-1
1,-1,1,-1
0,0,0,-1
-1,-1,1,-1
0,0,0,-1
0,0,0,-1
1,-1,1,-1
1,-1,1,-1
-1,-1,1,-1
0,0,0,-1
0,0,0,-1
1,-1,1,-1
1,-1,1,-1
0,-1,0,-1
1,-1,1,-1
0,-1,0,-1
0,-1,0,-1
-1,-1,1,-1
1,-1,1,-1
1,-1,1,-1
1,-1,1,-1
1,-1,1,-1
1,-1,1,-1
1,-1,1,-1
-1,-1,1,-1
1,-1,1,-1
0,0,0,-1
-1,-1,1,-1
1,-1,1,-1
1,-1,1,-1
-1,-1,1,-1
-1,-1,1,-1
1,-1,1,-1
1,-1,1,-1
1,-1,1,-1
1,-1,1,-1
1,-1,1,-1
1,-1,1,-1
1,-1,1,-1
1,1,1,-1
1,-1,1,-1
1,-1,1,-1
1,-1,1,-1
1,-1,1,-1
-1,-1,1,-1
-1,-1,1,-1
1,-1,1,-1
1,-1,1,-1
1,1,1,-1
1,1,1,-1
-1,-1,1,-1
-1,-1,1,-1
0,-1,0,-1
1,-1,1,-1
1,-1,1,-1
0,0,0,-1
1,-1,1,-1
1,-1,1,-1
1,-1,1,-1
0,0,0,-1
1,-1,1,-1
1,-1,1,-1
1,-1,1,-1
1,-1,1,-1
1,-1,1,-1
1,-1,1,-1
1,-1,1,-1
0,0,0,-1
1,-1,1,-1
1,-1,1,-1
1,-1,1,-1
1,-1,1,-1
1,-1,1,-1
1,-1,1,-1
1,-1,1,-1
1,-1,1,-1
1,-1,1,-1
1,-1,1,-1
1,-1,1,-1
1,-1,1,-1
1,-1,1,-1
0,0,0,-1
1,-1,1,-1
1,-1,1,-1
0,0,0,-1
1,-1,1,-1
0,0,0,-1
1,-1,1,-1
1,-1,1,-1
0,0,0,-1
1,-1,1,-1
0,0,0,-1
1,-1,1,-1
0,0,0,-1
1,-1,1,-1
1,-1,1,-1
1,-1,1,-1
1,-1,1,-1
1,-1,1,-1
1,-1,1,-1
1,-1,1,-1
1,-1,1,-1
1,-1,1,-1
1,-1,1,-1
1,-1,1,-1
1,-1,1,-1
1,-1,1,-1
1,-1,1,-1
1,-1,1,-1
1,-1,1,-1
1,-1,1,-1
1,-1,1,-1
1,-1,1,-1
1,-1,1,-1
1,-1,1,-1
1,-1,1,-1
1,-1,1,-1
1,-1,1,-1
1,-1,1,-1
1,-1,1,-1
1,-1,1,-1
1,-1,1,-1
1,-1,1,-1
1,-1,1,-1
1,-1,1,-1
1,-1,1,-1
1,-1,1,-1
1,-1,1,-1
1,-1,1,-1
1,-1,1,-1
1,-1,1,-1
1,-1,1,-1
0,0,0,-1
1,-1,1,-1
1,-1,1,-1
1,-1,1,-1
1,-1,1,-1
1,-1,1,-1
1,-1,1,-1
-1,1,1,-1
1,-1,1,-1
1,-1,1,-1
1,-1,1,-1
1,-1,1,-1
1,-1,1,-1
1,-1,1,-1
1,-1,1,-1
1,-1,1,-1
1,-1,1,-1
1,-1,1,-1
1,-1,1,-1
1,-1,1,-1
1,-1,1,-1
1,-1,1,-1
1,-1,1,-1
1,-1,1,-1
-1,-1,-1,-1
1,-1,1,-1
1,-1,1,-1
-1,-1,1,-1
-1,1,1,-1
-1,1,1,-1
0,0,0,-1
0,-1,0,-1
-1,-1,1,-1
1,-1,1,-1
-1,-1,-1,-1
1,-1,1,-1
1,-1,1,-1
0,0,0,-1
0,0,0,-1
1,-1,1,-1
1,-1,1,-1
1,-1,1,-1
1,-1,1,-1
1,-1,1,-1
0,0,0,-1
0,-1,0,-1
0,0,0,-1
-1,-1,1,-1
1,-1,1,-1
1,-1,1,-1
1,-1,1,-1
1,-1,1,-1
1,-1,1,-1
1,-1,1,-1
0,0,0,-1
0,-1,0,-1
1,-1,1,-1
0,0,0,-1
-1,-1,1,-1
1,1,1,-1
1,-1,1,-1
0,0,0,-1
-1,-1,1,-1
-1,-1,1,-1
-1,-1,1,-1
-1,1,1,-1
0,0,0,-1
0,0,0,-1
0,0,0,-1
0,0,0,-1
0,0,0,-1
-1,-1,1,-1
0,0,0,-1
0,0,0,-1
0,0,0,-1
0,0,0,-1
0,0,0,-1
0,0,0,-1
0,0,0,-1
-1,-1,1,-1
-1,-1,1,-1
0,0,0,-1
0,0,0,-1
0,0,0,-1
0,0,0,-1
0,0,0,-1
0,0,0,-1
0,0,0,-1
0,0,0,-1
0,0,0,-1
0,0,0,-1
0,0,0,-1
0,0,0,-1
0,0,0,-1
0,0,0,-1
0,0,0,-1
0,0,0,-1
0,0,0,-1
0,0,0,-1
0,0,0,-1
0,0,0,-1
0,0,0,-1
0,0,0,-1
0,0,0,-1
0,0,0,-1
0,0,0,-1
0,0,0,-1
0,0,0,-1
0,0,0,-1
0,0,0,-1
0,0,0,-1
0,0,0,-1
0,0,0,-1
0,0,0,-1
0,0,0,-1
0,0,0,-1
0,0,0,-1
0,0,0,-1
0,0,0,-1
0,0,0,-1
0,0,0,-1
0,0,0,-1
0,0,0,-1
0,0,0,-1
0,0,0,-1
0,0,0,-1
0,0,0,-1
0,0,0,-1
0,0,0,-1
0,0,0,-1
0,0,0,-1
0,0,0,-1
0,0,0,-1
0,0,0,-1
0,0,0,-1
0,0,0,-1
0,0,0,-1
0,0,0,-1
0,0,0,-1
0,0,0,-1
0,0,0,-1
0,0,0,-1
0,0,0,-1
0,0,0,-1
0,0,0,-1
0,0,0,-1
0,0,0,-1
0,0,0,-1
0,0,0,-1
0,0,0,-1
-1,1,1,-1
0,0,0,-1
0,0,0,-1
0,0,0,-1
0,0,0,-1
0,0,0,-1
1,-1,1,-1
0,0,0,-1
0,0,0,-1
0,0,0,-1
0,0,0,-1
0,0,0,-1
0,0,0,-1
0,0,0,-1
0,0,0,-1
0,0,0,-1
0,0,0,-1
0,0,0,-1
0,0,0,-1
0,0,0,-1
0,0,0,-1
0,0,0,-1
0,0,0,-1
0,0,0,-1
0,0,0,-1
0,0,0,-1
0,0,0,-1
0,0,0,-1
0,0,0,-1
0,0,0,-1
0,0,0,-1
-1,1,1,-1
0,0,0,-1
0,0,0,-1
0,0,0,-1
1,-1,1,-1
1,-1,1,-1
1,-1,1,-1
1,-1,1,-1
1,-1,1,-1
1,-1,1,-1
1,-1,1,-1
1,-1,1,-1
1,-1,1,-1
1,-1,1,-1
0,0,0,-1
1,-1,1,-1
0,0,0,-1
1,-1,1,-1
1,-1,1,-1
1,-1,1,-1
1,-1,1,-1
0,0,0,-1
1,-1,1,-1
1,-1,1,-1
1,-1,1,-1
0,0,0,-1
1,-1,1,-1
1,-1,1,-1
0,0,0,-1
1,-1,1,-1
1,-1,1,-1
1,-1,1,-1
1,-1,1,-1
1,-1,1,-1
1,-1,1,-1
0,0,0,-1
1,-1,1,-1
1,-1,1,-1
-1,-1,1,-1
0,0,0,-1
0,0,0,-1
-1,-1,1,-1
0,0,0,-1
-1,-1,1,-1
1,-1,1,-1
0,-1,0,-1
0,0,0,-1
-1,1,1,-1
-1,-1,1,-1
1,-1,1,-1
-1,-1,1,-1
1,1,1,-1
1,1,1,-1
1,1,1,-1
-1,-1,1,-1
1,1,1,-1
1,-1,1,-1
0,-1,0,-1
-1,1,1,-1
1,-1,1,-1
1,-1,1,-1
1,-1,1,-1
1,-1,1,-1
1,-1,1,-1
1,1,1,-1
-1,-1,-1,-1
1,-1,1,-1
1,-1,1,-1
1,-1,1,-1
1,-1,1,-1
1,-1,1,-1
1,-1,1,-1
1,-1,1,-1
0,0,0,-1
1,-1,1,-1
1,-1,1,-1
